Name_F,Seq_F,Name_R,Seq_R
ITS1_129_F,TCCGTAGGTGAACCTGCGG,ITS2_129_R,GCTGCGTTCTTCATCGATGC
ORF470modF1_153_F,CCTTCTAAATTYAATTCTA,ORF470modR7_159_R,GAWCCHCCACTAAAAATTRTAG
ORF470modF4_155_F,TTARAAGATAATTTTTTYKCTAC,ORF470modR5_157_R,CCAGWTTGRTCWCCACGATAYCA
NC1_167_F,ACGTCTGGTTCAGGGTTGTT,NC2_171_R,TTAGTTTCTTTTCCTCCGCT
modFW4_141_F,TAGAYTTACAYCTAAATACYC,modRev4_145_R,CCWGTWGGRATYGCAATCATC
ORF470modF4_155_F,TTARAAGATAATTTTTTYKCTAC,ORF470modR6_158_R,TCTCCAGWTTGRTCWCCACGA
modFW11_147_F,CCWYTAAGTACATCWHTRATGTC,modRev10_147_R,CRAARAACCAGAATARRTGTTG
Mit23S_265F_163_F,TAGGGAAAGTCGGGGCCTAA,Mit23S_589R_167_R,TGGGCATCCTTTWYCCCRAA
Mit23S_570F_164_F,TTYGGGRWAAAGGATGCCCA,Mit23S_899R_168_R,SCTYCRTAGGGTCTYTCTGTCC
EimSS_131F_157_F,CAAAGGGCAGGGACGTAATCG,EimSS_473R_160_R,TTGGTGGAGTGATCTGTCTGG
EimSS_1335F_162_F,TGCTGCCTTCCTTAGATGTGG,EimSS_1684R_166_R,GGTGAAACTGCGAATGGCTC
EimSS_300F_159_F,CGTGCAGCCCAGAACATCTA,EimSS_649R_163_R,AGTATGGTCGCAAGGCTGAAA
EimSS_1021F_161_F,TCCGTAACACAACACACGCA,EimSS_1370R_165_R,CCTGAGAAACGGCTACCACA
EimSS_214F_158_F,CTATCCCCATCACGATGCACA,EimSS_563R_161_R,GGGAAACTCACCAGGTCCAG
EimSS_543F_160_F,TCTGGACCTGGTGAGTTTCC,EimSS_892R_164_R,GACAGTTGGGGGCATTCGTA
Nem_0425_6CR_14_F,ATAACAGGTCTGTGATGCCCTT,EukB_MH_24_R,TGATCCTTCTGCAGGTTCACC
MarkN_10_F,GCTTGTCTCAAAGATTAAGCCN,Euk360_CR_21_R,TCTCAKGCKCCYTCTCCG
18S_0067a_deg_5Mod_52_F,GCCATGCATGYCTAAGTATMA,NSR399_5Mod_52_R,AGGCTCCYTCTCCGG
Gen_600_7_F,GCCGCGGTAATTCCAGCT,Nem_0425_4_2_R,ARACATTCTTGGCAAATGCYTTC
HSPF3_112_F,GCTGSTGATACTCACTTGGGTGG,HSPR3_112_R,CTCTTGTCCATACCAGCATCC
wang1141_13_F,GAATTGACGGAAGGGCACC,Nem_0425_6_3_R,AAGGGCATCACAGACCTGTTAT
515F_Y_118_F,GTGYCAGCMGCCGCGGTAA,806R_118_R,GGACTACNVGGGTWTCTAAT
ORF470modF5_156_F,AYAATTTTTAGTGGDGGWTC,ORF470modR4_156_R,GCAGATCCCATTTCDATTTG
Mit23S_731F_165_F,TAAGCTCCAGTAAACGGCGG,Mit23S_1088R_169_R,CGCCCCAGTCAAACTACCTT
ORF470modF5_156_F,AYAATTTTTAGTGGDGGWTC,ORF470modR3_155_R,TCAWGTAATTGCAGATCCC
modFW8_144_F,GCYGCHTTTAATGGTGATCCRG,modRev3_144_R,CCWAGRGTAAATARGAADAYAAARC
Hadz_566_6_F,CAGCAGCCGCGGTAATTCC,Nem_0425_4_2_R,ARACATTCTTGGCAAATGCYTTC
modFW7_143_F,YTAYGATGCYGCHTTTAATGGTG,modRev3_144_R,CCWAGRGTAAATARGAADAYAAARC
mod28F5_152_F,GCAGCACGTCTGTTTCAGTGTCT,mod28R2_150_R,ATTWTCACTTTGAGCWCHTCCC
EimSS_214F_158_F,CTATCCCCATCACGATGCACA,EimSS_623R_162_R,AGGAATTGACGGAAGGGCAC
ORF470modF5_156_F,AYAATTTTTAGTGGDGGWTC,ORF470manR2_154_R,TCCWATTAAATAWGTWGAWGGATA
modFW5_142_F,CAYCTAAATACYCAATTYTAYGATGC,modRev3_144_R,CCWAGRGTAAATARGAADAYAAARC
modFW9_145_F,GGTGATCCRGTAYTATAYCAACA,modRev2_143_R,CTAMMGCRGWATTRCCYAGHAC
modFW10_146_F,TTCTGGTTYTTYGGWCATCC,modRev1_142_R,CATARTAWGTRTCRTGWARAGCWAC
mod28F1_149_F,TTCAGCAATGGATGTCTGGCT,mod28R5_153_R,GCTTARTAATATGCTTAAATTCAGC
modFW12_148_F,TATCHTCTRTWAATTTCYTAACTAC,modRev6_146_R,CTGTYTCWAGRCCWACDGTCATC
mod28F3_150_F,ATACGCATTGTGAATTGCAG,mod28R4_152_R,GTTATTTTCTYTTCCTCCGCTT
modFW8_144_F,GCYGCHTTTAATGGTGATCCRG,modRev2_143_R,CTAMMGCRGWATTRCCYAGHAC
Mit23S_794F_166_F,GTAAGTTCCGACCTGCACGA,Mit23S_1229R_170_R,GACCGACTTTCGTCCTTGCT
modFW2_140_F,GATTTAATYGTVTTTGGHYTAG,modRev11_148_R,TGRTGTGCCCAWACTAAKGR
mod28F5_152_F,GCAGCACGTCTGTTTCAGTGTCT,man28R1_149_R,ACGCYTCTAGAGGCTACAAYTCG
ORF470modF3_154_F,GATAGTRTWTCWATHGTAGATAC,ORF470modR5_157_R,CCAGWTTGRTCWCCACGATAYCA
ORF470modF3_154_F,GATAGTRTWTCWATHGTAGATAC,ORF470modR6_158_R,TCTCCAGWTTGRTCWCCACGA
mod28F4_151_F,GTGAATTGCAGATTTCAGTG,mod28R3_151_R,GAGCWCHTCCCKCTTCACTCG
Eim_Ap5_60_F,YAAAGGAATTTGAATCCTCGTTT,Eim_Ap5_60_R,YAGAATTGATGCCTGAGYGGTC
BGf_132_F,GAACGAACGAGATCGAGGTCCG,Bgr_132_R,CTCGACGAGCTTCGTGTT
GDH3_133_F,ATGACYGAGCTYCAGAGGCACGT,GHD4_133_R,GTGGCGCARGGCATGATGCA
AL3544_113_F,CCCTTCATCGGNGGTAACTT,AL3545_113_R,GTGGCCACCACNCCCGTGCC
